41|{"id":"3d435140-a154-4982-863f-90dc8fa308f1","m":"v0/card.create","p":[{"components":[{"type":"file","data":{"value":"83aa09c751a24ccb913d7d5abefbbf31","meta":{"filename":"file_example_doc","size":224768,"mimetype":"application/msword"}}},{"type":"text","data":{"value":"Veritatis nemo in libero est quae laboriosam explicabo dolores. Consequatur ipsam sequi inventore molestiae repudiandae asperiores dicta sunt at. Fugiat cum sed placeat labore exercitationem laudantium eos repellendus amet. Libero quisquam molestias ut maiores molestiae. #sint #ut #sit #sit #quae"}},{"type":"picture","data":{"value":"2bdbce9793d44207a61534f044169df2","meta":{"filename":"brooke-lark-489997-unsplash","size":2653362,"mimetype":"image/jpeg"}}},{"type":"picture","data":{"value":"3a77438337f34879a3e4c5a5ce4590d2","meta":{"filename":"eberhard-grossgasteiger-765011-unsplash","size":2502086,"mimetype":"image/jpeg"}}},{"type":"text","data":{"value":"Ut quibusdam quos eos eos fugiat perspiciatis suscipit iste qui. #ea #minima #id #inventore #aliquam"}},{"type":"file","data":{"value":"62de6af80adb4485b6367f058511b9e8","meta":{"filename":"file_example_gif","size":407297,"mimetype":"image/gif"}}}],"dueDate":"2018-10-05T03:58:51.046Z","status":"Open"},{"isFavorited":true,"sharedUserIds":["5aead0370998c91cdcbe4731","5aead0380998c91cdcbe4732","5aead0390998c91cdcbe4733","5aeacf320998c91cdcbe4709","5aead0320998c91cdcbe472b","5aead0320998c91cdcbe472c","5aead0310998c91cdcbe472a","5aeacf320998c91cdcbe470a"]}]}
41|{"id":"3d435140-a154-4982-863f-90dc8fa308f1","m":"v0/card.create","p":[{"components":[{"type":"file","data":{"value":"83aa09c751a24ccb913d7d5abefbbf31","meta":{"filename":"file_example_doc","size":224768,"mimetype":"application/msword"}}},{"type":"text","data":{"value":"Non nostrum non cumque aut maxime dolor exercitationem. Omnis consequatur consectetur dolores. Unde hic quia exercitationem. #quod #pariatur #minus #et #sit"}},{"type":"text","data":{"value":"Expedita labore quia sed et quia ut suscipit vitae voluptate. #esse #quibusdam #nisi #magni #fuga"}},{"type":"picture","data":{"value":"55d3c9c59c1542d1a8233be63e30e46e","meta":{"filename":"minion1","size":418190,"mimetype":"image/png"}}},{"type":"file","data":{"value":"62de6af80adb4485b6367f058511b9e8","meta":{"filename":"file_example_gif","size":407297,"mimetype":"image/gif"}}},{"type":"picture","data":{"value":"6da84610b5274fe0afa3fb40a20a230a","meta":{"filename":"nathan-dumlao-401855-unsplash","size":5243875,"mimetype":"image/jpeg"}}}],"dueDate":"2018-10-05T03:58:51.066Z","status":"Open"},{"isFavorited":true,"sharedUserIds":["5aeacf4a0998c91cdcbe4726","5aead0330998c91cdcbe472d","5aead0340998c91cdcbe472e","5aead0350998c91cdcbe472f","5aead0360998c91cdcbe4730","5aead0370998c91cdcbe4731","5aead0380998c91cdcbe4732","5aead0390998c91cdcbe4733","5aeacf320998c91cdcbe4709","5aead0320998c91cdcbe472b","5aead0320998c91cdcbe472c","5aead0310998c91cdcbe472a","5aeacf320998c91cdcbe470a"]}]}
41|{"id":"3d435140-a154-4982-863f-90dc8fa308f1","m":"v0/card.create","p":[{"components":[{"type":"picture","data":{"value":"45b181a6c52a40089be07e38e47ff044","meta":{"filename":"peter-rosales-764955-unsplash","size":3835516,"mimetype":"image/jpeg"}}},{"type":"text","data":{"value":"Est consequatur est sint aut aut sequi tempore recusandae ipsam. #doloribus #dicta #ea #et #et"}},{"type":"file","data":{"value":"83aa09c751a24ccb913d7d5abefbbf31","meta":{"filename":"file_example_doc","size":224768,"mimetype":"application/msword"}}},{"type":"text","data":{"value":"Nulla occaecati dicta ut commodi dolor fugit. Amet quia quia ipsam. #voluptatem #saepe #iusto #qui #doloribus"}},{"type":"file","data":{"value":"62de6af80adb4485b6367f058511b9e8","meta":{"filename":"file_example_gif","size":407297,"mimetype":"image/gif"}}},{"type":"picture","data":{"value":"e77401f64f734c5b92340b390d9cffbe","meta":{"filename":"nathan-dumlao-314124-unsplash","size":9207312,"mimetype":"image/jpeg"}}}],"status":"Open"},{"isFavorited":true,"sharedUserIds":["5aead0320998c91cdcbe472c","5aead0310998c91cdcbe472a","5aeacf320998c91cdcbe470a"]}]}
41|{"id":"3d435140-a154-4982-863f-90dc8fa308f1","m":"v0/card.create","p":[{"components":[{"type":"text","data":{"value":"Odit quo voluptatem maxime in quidem est nostrum vel aut. #culpa #in #quibusdam #id #omnis"}},{"type":"file","data":{"value":"83aa09c751a24ccb913d7d5abefbbf31","meta":{"filename":"file_example_doc","size":224768,"mimetype":"application/msword"}}},{"type":"file","data":{"value":"62de6af80adb4485b6367f058511b9e8","meta":{"filename":"file_example_gif","size":407297,"mimetype":"image/gif"}}},{"type":"picture","data":{"value":"6da84610b5274fe0afa3fb40a20a230a","meta":{"filename":"nathan-dumlao-401855-unsplash","size":5243875,"mimetype":"image/jpeg"}}},{"type":"text","data":{"value":"Aut recusandae ab voluptatem culpa nam aperiam aut ut nulla. Aperiam et porro. Placeat et adipisci eligendi. #quia #quibusdam #eligendi #voluptatum #ut"}},{"type":"picture","data":{"value":"2bdbce9793d44207a61534f044169df2","meta":{"filename":"brooke-lark-489997-unsplash","size":2653362,"mimetype":"image/jpeg"}}}],"dueDate":"2018-11-04T03:58:51.075Z","status":"Open"},{"isFavorited":true,"sharedUserIds":["5aeacf470998c91cdcbe4723","5aeacf480998c91cdcbe4724","5aeacf490998c91cdcbe4725","5aeacf4a0998c91cdcbe4726","5aead0330998c91cdcbe472d","5aead0340998c91cdcbe472e","5aead0350998c91cdcbe472f","5aead0360998c91cdcbe4730","5aead0370998c91cdcbe4731","5aead0380998c91cdcbe4732","5aead0390998c91cdcbe4733","5aeacf320998c91cdcbe4709","5aead0320998c91cdcbe472b","5aead0320998c91cdcbe472c","5aead0310998c91cdcbe472a","5aeacf320998c91cdcbe470a"]}]}
41|{"id":"3d435140-a154-4982-863f-90dc8fa308f1","m":"v0/card.create","p":[{"components":[{"type":"text","data":{"value":"Reiciendis accusamus unde qui enim. #aperiam #distinctio #est #ut #accusamus"}},{"type":"file","data":{"value":"62de6af80adb4485b6367f058511b9e8","meta":{"filename":"file_example_gif","size":407297,"mimetype":"image/gif"}}},{"type":"picture","data":{"value":"e77401f64f734c5b92340b390d9cffbe","meta":{"filename":"nathan-dumlao-314124-unsplash","size":9207312,"mimetype":"image/jpeg"}}},{"type":"text","data":{"value":"Corrupti quia animi quis iure placeat voluptate amet aut unde. #eligendi #labore #at #est #quisquam"}},{"type":"picture","data":{"value":"cf047e3df1784067b245eddd40afe04a","meta":{"filename":"file_example_png_1mb","size":1006708,"mimetype":"image/png"}}},{"type":"file","data":{"value":"83aa09c751a24ccb913d7d5abefbbf31","meta":{"filename":"file_example_doc","size":224768,"mimetype":"application/msword"}}}],"dueDate":"2017-11-05T03:58:51.077Z","status":"Open"},{"isFavorited":true,"sharedUserIds":["5aeacf320998c91cdcbe4709","5aead0320998c91cdcbe472b","5aead0320998c91cdcbe472c","5aead0310998c91cdcbe472a","5aeacf320998c91cdcbe470a"]}]}
41|{"id":"3d435140-a154-4982-863f-90dc8fa308f1","m":"v0/card.create","p":[{"components":[{"type":"picture","data":{"value":"55d3c9c59c1542d1a8233be63e30e46e","meta":{"filename":"minion1","size":418190,"mimetype":"image/png"}}},{"type":"picture","data":{"value":"3a77438337f34879a3e4c5a5ce4590d2","meta":{"filename":"eberhard-grossgasteiger-765011-unsplash","size":2502086,"mimetype":"image/jpeg"}}},{"type":"text","data":{"value":"Hic hic ex praesentium eum. Doloremque inventore sed aliquam at aut. Est ex quasi libero magni voluptas delectus. #voluptatum #magnam #odio #similique #et"}},{"type":"file","data":{"value":"83aa09c751a24ccb913d7d5abefbbf31","meta":{"filename":"file_example_doc","size":224768,"mimetype":"application/msword"}}},{"type":"text","data":{"value":"Sapiente rem officia vitae aperiam mollitia ea rerum vero non. #aliquid #ipsam #esse #sint #dolor"}},{"type":"file","data":{"value":"62de6af80adb4485b6367f058511b9e8","meta":{"filename":"file_example_gif","size":407297,"mimetype":"image/gif"}}}],"dueDate":"2018-10-05T03:58:51.080Z","status":"Open"},{"isFavorited":true,"sharedUserIds":["5aeacf450998c91cdcbe4721","5aeacf460998c91cdcbe4722","5aeacf470998c91cdcbe4723","5aeacf480998c91cdcbe4724","5aeacf490998c91cdcbe4725","5aeacf4a0998c91cdcbe4726","5aead0330998c91cdcbe472d","5aead0340998c91cdcbe472e","5aead0350998c91cdcbe472f","5aead0360998c91cdcbe4730","5aead0370998c91cdcbe4731","5aead0380998c91cdcbe4732","5aead0390998c91cdcbe4733","5aeacf320998c91cdcbe4709","5aead0320998c91cdcbe472b","5aead0320998c91cdcbe472c","5aead0310998c91cdcbe472a","5aeacf320998c91cdcbe470a"]}]}
41|{"id":"3d435140-a154-4982-863f-90dc8fa308f1","m":"v0/card.create","p":[{"components":[{"type":"text","data":{"value":"Harum eius et aspernatur quasi ea. Excepturi nostrum facilis quia qui eum iste consequatur dolorum libero. Reprehenderit nobis dicta atque dolores atque consectetur incidunt commodi. #ab #modi #sed #itaque #nemo"}},{"type":"file","data":{"value":"62de6af80adb4485b6367f058511b9e8","meta":{"filename":"file_example_gif","size":407297,"mimetype":"image/gif"}}},{"type":"file","data":{"value":"83aa09c751a24ccb913d7d5abefbbf31","meta":{"filename":"file_example_doc","size":224768,"mimetype":"application/msword"}}},{"type":"picture","data":{"value":"bf73aefa020c48669b18defc9cac55b0","meta":{"filename":"minion2","size":360587,"mimetype":"image/png"}}},{"type":"picture","data":{"value":"55d3c9c59c1542d1a8233be63e30e46e","meta":{"filename":"minion1","size":418190,"mimetype":"image/png"}}},{"type":"text","data":{"value":"Ipsam dolores quaerat molestiae omnis ad repellat provident aliquid ex. #rerum #quis #repellendus #non #qui"}}],"dueDate":"2018-11-05T03:58:51.083Z","status":"Open"},{"isFavorited":true,"sharedUserIds":["5aeacf4a0998c91cdcbe4726","5aead0330998c91cdcbe472d","5aead0340998c91cdcbe472e","5aead0350998c91cdcbe472f","5aead0360998c91cdcbe4730","5aead0370998c91cdcbe4731","5aead0380998c91cdcbe4732","5aead0390998c91cdcbe4733","5aeacf320998c91cdcbe4709","5aead0320998c91cdcbe472b","5aead0320998c91cdcbe472c","5aead0310998c91cdcbe472a","5aeacf320998c91cdcbe470a"]}]}
41|{"id":"3d435140-a154-4982-863f-90dc8fa308f1","m":"v0/card.create","p":[{"components":[{"type":"text","data":{"value":"Case all files 3 type."}},{"type":"file","data":{"value":"83aa09c751a24ccb913d7d5abefbbf31","meta":{"filename":"file_example_doc","size":224768,"mimetype":"application/msword"}}},{"type":"file","data":{"value":"62de6af80adb4485b6367f058511b9e8","meta":{"filename":"file_example_gif","size":407297,"mimetype":"image/gif"}}},{"type":"file","data":{"value":"a3acb3cc0be4494294ff4c60e8b73cf5","meta":{"filename":"file_example_html","size":4130,"mimetype":"text/html"}}}],"dueDate":"2018-10-05T03:58:51.085Z","status":"Open"},{"isFavorited":true,"sharedUserIds":["5aeacf320998c91cdcbe4709","5aead0320998c91cdcbe472b","5aead0320998c91cdcbe472c","5aead0310998c91cdcbe472a","5aeacf320998c91cdcbe470a"]}]}
41|{"id":"3d435140-a154-4982-863f-90dc8fa308f1","m":"v0/card.create","p":[{"components":[{"type":"text","data":{"value":"Case 10 files."}},{"type":"file","data":{"value":"83aa09c751a24ccb913d7d5abefbbf31","meta":{"filename":"file_example_doc","size":224768,"mimetype":"application/msword"}}},{"type":"file","data":{"value":"62de6af80adb4485b6367f058511b9e8","meta":{"filename":"file_example_gif","size":407297,"mimetype":"image/gif"}}},{"type":"file","data":{"value":"a3acb3cc0be4494294ff4c60e8b73cf5","meta":{"filename":"file_example_html","size":4130,"mimetype":"text/html"}}},{"type":"file","data":{"value":"a3acb3cc0be4494294ff4c60e8b73cf5","meta":{"filename":"file_example_html","size":4130,"mimetype":"text/html"}}},{"type":"file","data":{"value":"83aa09c751a24ccb913d7d5abefbbf31","meta":{"filename":"file_example_doc","size":224768,"mimetype":"application/msword"}}},{"type":"file","data":{"value":"a3acb3cc0be4494294ff4c60e8b73cf5","meta":{"filename":"file_example_html","size":4130,"mimetype":"text/html"}}},{"type":"file","data":{"value":"a3acb3cc0be4494294ff4c60e8b73cf5","meta":{"filename":"file_example_html","size":4130,"mimetype":"text/html"}}},{"type":"file","data":{"value":"a3acb3cc0be4494294ff4c60e8b73cf5","meta":{"filename":"file_example_html","size":4130,"mimetype":"text/html"}}},{"type":"file","data":{"value":"83aa09c751a24ccb913d7d5abefbbf31","meta":{"filename":"file_example_doc","size":224768,"mimetype":"application/msword"}}},{"type":"file","data":{"value":"83aa09c751a24ccb913d7d5abefbbf31","meta":{"filename":"file_example_doc","size":224768,"mimetype":"application/msword"}}}],"dueDate":"2018-12-05T03:58:51.087Z","status":"Open"},{"isFavorited":true,"sharedUserIds":["5aeacf340998c91cdcbe470c","5aeacf340998c91cdcbe470d","5aeacf350998c91cdcbe470e","5aeacf360998c91cdcbe470f","5aeacf370998c91cdcbe4710","5aeacf380998c91cdcbe4711","5aeacf390998c91cdcbe4712","5aeacf3a0998c91cdcbe4713","5aeacf3a0998c91cdcbe4714","5aeacf3b0998c91cdcbe4715","5aeacf3c0998c91cdcbe4716","5aeacf3d0998c91cdcbe4717","5aeacf3d0998c91cdcbe4718","5aeacf3e0998c91cdcbe4719","5aeacf3f0998c91cdcbe471a","5aeacf400998c91cdcbe471b","5aeacf410998c91cdcbe471c","5aeacf420998c91cdcbe471d","5aeacf430998c91cdcbe471e","5aeacf440998c91cdcbe471f","5aeacf440998c91cdcbe4720","5aeacf450998c91cdcbe4721","5aeacf460998c91cdcbe4722","5aeacf470998c91cdcbe4723","5aeacf480998c91cdcbe4724","5aeacf490998c91cdcbe4725","5aeacf4a0998c91cdcbe4726","5aead0330998c91cdcbe472d","5aead0340998c91cdcbe472e","5aead0350998c91cdcbe472f","5aead0360998c91cdcbe4730","5aead0370998c91cdcbe4731","5aead0380998c91cdcbe4732","5aead0390998c91cdcbe4733","5aeacf320998c91cdcbe4709","5aead0320998c91cdcbe472b","5aead0320998c91cdcbe472c","5aead0310998c91cdcbe472a","5aeacf320998c91cdcbe470a"]}]}
41|{"id":"3d435140-a154-4982-863f-90dc8fa308f1","m":"v0/card.create","p":[{"components":[{"type":"text","data":{"value":"Case 10 images."}},{"type":"picture","data":{"value":"e77401f64f734c5b92340b390d9cffbe","meta":{"filename":"nathan-dumlao-314124-unsplash","size":9207312,"mimetype":"image/jpeg"}}},{"type":"picture","data":{"value":"04cec4aba0fc444aa0782db7c097dce7","meta":{"filename":"pexels-photo-1534560","size":99814,"mimetype":"image/jpeg"}}},{"type":"picture","data":{"value":"2a5e5a3ec15b4ef2808be98fff499996","meta":{"filename":"nathan-dumlao-451103-unsplash","size":3855788,"mimetype":"image/jpeg"}}},{"type":"picture","data":{"value":"6da84610b5274fe0afa3fb40a20a230a","meta":{"filename":"nathan-dumlao-401855-unsplash","size":5243875,"mimetype":"image/jpeg"}}},{"type":"picture","data":{"value":"45b181a6c52a40089be07e38e47ff044","meta":{"filename":"peter-rosales-764955-unsplash","size":3835516,"mimetype":"image/jpeg"}}},{"type":"picture","data":{"value":"2a5e5a3ec15b4ef2808be98fff499996","meta":{"filename":"nathan-dumlao-451103-unsplash","size":3855788,"mimetype":"image/jpeg"}}},{"type":"picture","data":{"value":"e77401f64f734c5b92340b390d9cffbe","meta":{"filename":"nathan-dumlao-314124-unsplash","size":9207312,"mimetype":"image/jpeg"}}},{"type":"picture","data":{"value":"bf73aefa020c48669b18defc9cac55b0","meta":{"filename":"minion2","size":360587,"mimetype":"image/png"}}},{"type":"picture","data":{"value":"cf047e3df1784067b245eddd40afe04a","meta":{"filename":"file_example_png_1mb","size":1006708,"mimetype":"image/png"}}},{"type":"picture","data":{"value":"3a77438337f34879a3e4c5a5ce4590d2","meta":{"filename":"eberhard-grossgasteiger-765011-unsplash","size":2502086,"mimetype":"image/jpeg"}}}],"status":"Open"},{"isFavorited":true,"sharedUserIds":["5aead0320998c91cdcbe472c","5aead0310998c91cdcbe472a","5aeacf320998c91cdcbe470a"]}]}
41|{"id":"3d435140-a154-4982-863f-90dc8fa308f1","m":"v0/card.create","p":[{"components":[{"type":"picture","data":{"value":"04cec4aba0fc444aa0782db7c097dce7","meta":{"filename":"pexels-photo-1534560","size":99814,"mimetype":"image/jpeg"}}},{"type":"text","data":{"value":"Accusantium natus debitis nihil voluptatum blanditiis similique sapiente quis nihil. #quam #sunt #rem #consequatur #consequatur"}},{"type":"file","data":{"value":"62de6af80adb4485b6367f058511b9e8","meta":{"filename":"file_example_gif","size":407297,"mimetype":"image/gif"}}},{"type":"file","data":{"value":"83aa09c751a24ccb913d7d5abefbbf31","meta":{"filename":"file_example_doc","size":224768,"mimetype":"application/msword"}}},{"type":"text","data":{"value":"Modi nesciunt libero. Laborum placeat voluptatem repudiandae est quas deserunt. Voluptatibus hic doloribus. #porro #voluptate #distinctio #eos #nobis"}},{"type":"picture","data":{"value":"2a5e5a3ec15b4ef2808be98fff499996","meta":{"filename":"nathan-dumlao-451103-unsplash","size":3855788,"mimetype":"image/jpeg"}}}],"status":"Open"},{"isFavorited":false,"sharedUserIds":["5aead0320998c91cdcbe472b","5aead0320998c91cdcbe472c","5aead0310998c91cdcbe472a","5aeacf320998c91cdcbe470a"]}]}
(node:63681) MaxListenersExceededWarning: Possible EventEmitter memory leak detected. 11 message listeners added. Use emitter.setMaxListeners() to increase limit
41|{"id":"3d435140-a154-4982-863f-90dc8fa308f1","m":"v0/card.create","p":[{"components":[{"type":"text","data":{"value":"Aut veniam ea sed sit eos explicabo. Voluptatibus aut non sed ut quasi suscipit distinctio. Aspernatur voluptas odit velit rerum magni illo sit molestiae maiores. #omnis #rerum #maiores #non #sint"}},{"type":"text","data":{"value":"Nostrum facilis ipsa voluptatem rerum sunt facere laboriosam at aut. #consequatur #suscipit #vero #doloremque #laudantium"}},{"type":"picture","data":{"value":"04cec4aba0fc444aa0782db7c097dce7","meta":{"filename":"pexels-photo-1534560","size":99814,"mimetype":"image/jpeg"}}},{"type":"file","data":{"value":"83aa09c751a24ccb913d7d5abefbbf31","meta":{"filename":"file_example_doc","size":224768,"mimetype":"application/msword"}}},{"type":"picture","data":{"value":"04cec4aba0fc444aa0782db7c097dce7","meta":{"filename":"pexels-photo-1534560","size":99814,"mimetype":"image/jpeg"}}},{"type":"file","data":{"value":"62de6af80adb4485b6367f058511b9e8","meta":{"filename":"file_example_gif","size":407297,"mimetype":"image/gif"}}}],"status":"Open"},{"isFavorited":false,"sharedUserIds":["5aead0320998c91cdcbe472b","5aead0320998c91cdcbe472c","5aead0310998c91cdcbe472a","5aeacf320998c91cdcbe470a"]}]}
41|{"id":"3d435140-a154-4982-863f-90dc8fa308f1","m":"v0/card.create","p":[{"components":[{"type":"picture","data":{"value":"3a77438337f34879a3e4c5a5ce4590d2","meta":{"filename":"eberhard-grossgasteiger-765011-unsplash","size":2502086,"mimetype":"image/jpeg"}}},{"type":"file","data":{"value":"62de6af80adb4485b6367f058511b9e8","meta":{"filename":"file_example_gif","size":407297,"mimetype":"image/gif"}}},{"type":"text","data":{"value":"Excepturi fuga sed velit natus harum quis ut eum nihil. #tempora #aut #sint #qui #fuga"}},{"type":"file","data":{"value":"83aa09c751a24ccb913d7d5abefbbf31","meta":{"filename":"file_example_doc","size":224768,"mimetype":"application/msword"}}},{"type":"text","data":{"value":"Ea ut et aut dignissimos quis accusantium consectetur. Repudiandae quidem facilis eveniet saepe consequuntur aliquam qui. Quia quo ipsum amet voluptatem ea necessitatibus quibusdam exercitationem minus. Odit et quia corrupti illum sit eius sapiente quis porro. #dolorum #et #impedit #omnis #ut"}},{"type":"picture","data":{"value":"3a77438337f34879a3e4c5a5ce4590d2","meta":{"filename":"eberhard-grossgasteiger-765011-unsplash","size":2502086,"mimetype":"image/jpeg"}}}],"dueDate":"2019-11-05T03:58:51.106Z","status":"Open"},{"isFavorited":false,"sharedUserIds":["5aead0390998c91cdcbe4733","5aeacf320998c91cdcbe4709","5aead0320998c91cdcbe472b","5aead0320998c91cdcbe472c","5aead0310998c91cdcbe472a","5aeacf320998c91cdcbe470a"]}]}
41|{"id":"3d435140-a154-4982-863f-90dc8fa308f1","m":"v0/card.create","p":[{"components":[{"type":"picture","data":{"value":"2a5e5a3ec15b4ef2808be98fff499996","meta":{"filename":"nathan-dumlao-451103-unsplash","size":3855788,"mimetype":"image/jpeg"}}},{"type":"file","data":{"value":"62de6af80adb4485b6367f058511b9e8","meta":{"filename":"file_example_gif","size":407297,"mimetype":"image/gif"}}},{"type":"text","data":{"value":"Temporibus architecto ea atque ut quia asperiores est ipsum nisi. #itaque #corporis #est #ut #tempore"}},{"type":"file","data":{"value":"83aa09c751a24ccb913d7d5abefbbf31","meta":{"filename":"file_example_doc","size":224768,"mimetype":"application/msword"}}},{"type":"picture","data":{"value":"cf047e3df1784067b245eddd40afe04a","meta":{"filename":"file_example_png_1mb","size":1006708,"mimetype":"image/png"}}},{"type":"text","data":{"value":"Nam rerum sit pariatur ad minus ab perferendis. Officia voluptatem incidunt provident iste et. Illo voluptas dolorum aut est id. #voluptates #ullam #voluptate #occaecati #voluptatem"}}],"status":"Open"},{"isFavorited":false,"sharedUserIds":["5aeacf420998c91cdcbe471d","5aeacf430998c91cdcbe471e","5aeacf440998c91cdcbe471f","5aeacf440998c91cdcbe4720","5aeacf450998c91cdcbe4721","5aeacf460998c91cdcbe4722","5aeacf470998c91cdcbe4723","5aeacf480998c91cdcbe4724","5aeacf490998c91cdcbe4725","5aeacf4a0998c91cdcbe4726","5aead0330998c91cdcbe472d","5aead0340998c91cdcbe472e","5aead0350998c91cdcbe472f","5aead0360998c91cdcbe4730","5aead0370998c91cdcbe4731","5aead0380998c91cdcbe4732","5aead0390998c91cdcbe4733","5aeacf320998c91cdcbe4709","5aead0320998c91cdcbe472b","5aead0320998c91cdcbe472c","5aead0310998c91cdcbe472a","5aeacf320998c91cdcbe470a"]}]}
41|{"id":"3d435140-a154-4982-863f-90dc8fa308f1","m":"v0/card.create","p":[{"components":[{"type":"file","data":{"value":"83aa09c751a24ccb913d7d5abefbbf31","meta":{"filename":"file_example_doc","size":224768,"mimetype":"application/msword"}}},{"type":"picture","data":{"value":"04cec4aba0fc444aa0782db7c097dce7","meta":{"filename":"pexels-photo-1534560","size":99814,"mimetype":"image/jpeg"}}},{"type":"file","data":{"value":"62de6af80adb4485b6367f058511b9e8","meta":{"filename":"file_example_gif","size":407297,"mimetype":"image/gif"}}},{"type":"text","data":{"value":"Exercitationem assumenda voluptatibus voluptatem eos omnis soluta in et molestias. Unde libero ipsam et. #temporibus #quae #nemo #reprehenderit #voluptatem"}},{"type":"picture","data":{"value":"04cec4aba0fc444aa0782db7c097dce7","meta":{"filename":"pexels-photo-1534560","size":99814,"mimetype":"image/jpeg"}}},{"type":"text","data":{"value":"Asperiores facere minima unde eius perferendis quia voluptate sed consequatur. #voluptates #provident #voluptatem #vero #ducimus"}}],"status":"Open"},{"isFavorited":false,"sharedUserIds":["5aeacf440998c91cdcbe4720","5aeacf450998c91cdcbe4721","5aeacf460998c91cdcbe4722","5aeacf470998c91cdcbe4723","5aeacf480998c91cdcbe4724","5aeacf490998c91cdcbe4725","5aeacf4a0998c91cdcbe4726","5aead0330998c91cdcbe472d","5aead0340998c91cdcbe472e","5aead0350998c91cdcbe472f","5aead0360998c91cdcbe4730","5aead0370998c91cdcbe4731","5aead0380998c91cdcbe4732","5aead0390998c91cdcbe4733","5aeacf320998c91cdcbe4709","5aead0320998c91cdcbe472b","5aead0320998c91cdcbe472c","5aead0310998c91cdcbe472a","5aeacf320998c91cdcbe470a"]}]}
41|{"id":"3d435140-a154-4982-863f-90dc8fa308f1","m":"v0/card.create","p":[{"components":[{"type":"text","data":{"value":"Maiores laborum est odit sunt alias sit ea aut. Non quo ut necessitatibus qui laborum et et esse qui. Quis consequatur exercitationem saepe ratione quas recusandae. Earum recusandae velit consequatur et vitae veniam sed. #iure #minus #aut #soluta #quia"}},{"type":"text","data":{"value":"Molestiae molestias officia hic vel sapiente minima eum aperiam et. #doloribus #corrupti #excepturi #nemo #ipsa"}},{"type":"file","data":{"value":"62de6af80adb4485b6367f058511b9e8","meta":{"filename":"file_example_gif","size":407297,"mimetype":"image/gif"}}},{"type":"picture","data":{"value":"2a5e5a3ec15b4ef2808be98fff499996","meta":{"filename":"nathan-dumlao-451103-unsplash","size":3855788,"mimetype":"image/jpeg"}}},{"type":"file","data":{"value":"83aa09c751a24ccb913d7d5abefbbf31","meta":{"filename":"file_example_doc","size":224768,"mimetype":"application/msword"}}},{"type":"picture","data":{"value":"2a5e5a3ec15b4ef2808be98fff499996","meta":{"filename":"nathan-dumlao-451103-unsplash","size":3855788,"mimetype":"image/jpeg"}}}],"status":"Open"},{"isFavorited":false,"sharedUserIds":["5aeacf3f0998c91cdcbe471a","5aeacf400998c91cdcbe471b","5aeacf410998c91cdcbe471c","5aeacf420998c91cdcbe471d","5aeacf430998c91cdcbe471e","5aeacf440998c91cdcbe471f","5aeacf440998c91cdcbe4720","5aeacf450998c91cdcbe4721","5aeacf460998c91cdcbe4722","5aeacf470998c91cdcbe4723","5aeacf480998c91cdcbe4724","5aeacf490998c91cdcbe4725","5aeacf4a0998c91cdcbe4726","5aead0330998c91cdcbe472d","5aead0340998c91cdcbe472e","5aead0350998c91cdcbe472f","5aead0360998c91cdcbe4730","5aead0370998c91cdcbe4731","5aead0380998c91cdcbe4732","5aead0390998c91cdcbe4733","5aeacf320998c91cdcbe4709","5aead0320998c91cdcbe472b","5aead0320998c91cdcbe472c","5aead0310998c91cdcbe472a","5aeacf320998c91cdcbe470a"]}]}
41|{"id":"3d435140-a154-4982-863f-90dc8fa308f1","m":"v0/card.create","p":[{"components":[{"type":"file","data":{"value":"62de6af80adb4485b6367f058511b9e8","meta":{"filename":"file_example_gif","size":407297,"mimetype":"image/gif"}}},{"type":"picture","data":{"value":"e77401f64f734c5b92340b390d9cffbe","meta":{"filename":"nathan-dumlao-314124-unsplash","size":9207312,"mimetype":"image/jpeg"}}},{"type":"text","data":{"value":"Odio sequi possimus dolorem asperiores porro ut similique perspiciatis molestiae. #nostrum #voluptas #sunt #dolores #et"}},{"type":"picture","data":{"value":"3a77438337f34879a3e4c5a5ce4590d2","meta":{"filename":"eberhard-grossgasteiger-765011-unsplash","size":2502086,"mimetype":"image/jpeg"}}},{"type":"file","data":{"value":"83aa09c751a24ccb913d7d5abefbbf31","meta":{"filename":"file_example_doc","size":224768,"mimetype":"application/msword"}}},{"type":"text","data":{"value":"Aliquam tenetur sit optio reprehenderit exercitationem sit rem. Non mollitia at ea nobis voluptas qui. Inventore fuga quasi officiis libero. Aliquid quia asperiores sit fuga est inventore eaque ut. #itaque #quaerat #officiis #placeat #possimus"}}],"status":"Open"},{"isFavorited":false,"sharedUserIds":["5aeacf3d0998c91cdcbe4717","5aeacf3d0998c91cdcbe4718","5aeacf3e0998c91cdcbe4719","5aeacf3f0998c91cdcbe471a","5aeacf400998c91cdcbe471b","5aeacf410998c91cdcbe471c","5aeacf420998c91cdcbe471d","5aeacf430998c91cdcbe471e","5aeacf440998c91cdcbe471f","5aeacf440998c91cdcbe4720","5aeacf450998c91cdcbe4721","5aeacf460998c91cdcbe4722","5aeacf470998c91cdcbe4723","5aeacf480998c91cdcbe4724","5aeacf490998c91cdcbe4725","5aeacf4a0998c91cdcbe4726","5aead0330998c91cdcbe472d","5aead0340998c91cdcbe472e","5aead0350998c91cdcbe472f","5aead0360998c91cdcbe4730","5aead0370998c91cdcbe4731","5aead0380998c91cdcbe4732","5aead0390998c91cdcbe4733","5aeacf320998c91cdcbe4709","5aead0320998c91cdcbe472b","5aead0320998c91cdcbe472c","5aead0310998c91cdcbe472a","5aeacf320998c91cdcbe470a"]}]}
41|{"id":"3d435140-a154-4982-863f-90dc8fa308f1","m":"v0/card.create","p":[{"components":[{"type":"text","data":{"value":"Case all files 3 type."}},{"type":"file","data":{"value":"83aa09c751a24ccb913d7d5abefbbf31","meta":{"filename":"file_example_doc","size":224768,"mimetype":"application/msword"}}},{"type":"file","data":{"value":"62de6af80adb4485b6367f058511b9e8","meta":{"filename":"file_example_gif","size":407297,"mimetype":"image/gif"}}},{"type":"file","data":{"value":"a3acb3cc0be4494294ff4c60e8b73cf5","meta":{"filename":"file_example_html","size":4130,"mimetype":"text/html"}}}],"dueDate":"2018-11-05T03:58:51.139Z","status":"Open"},{"isFavorited":false,"sharedUserIds":["5aeacf440998c91cdcbe4720","5aeacf450998c91cdcbe4721","5aeacf460998c91cdcbe4722","5aeacf470998c91cdcbe4723","5aeacf480998c91cdcbe4724","5aeacf490998c91cdcbe4725","5aeacf4a0998c91cdcbe4726","5aead0330998c91cdcbe472d","5aead0340998c91cdcbe472e","5aead0350998c91cdcbe472f","5aead0360998c91cdcbe4730","5aead0370998c91cdcbe4731","5aead0380998c91cdcbe4732","5aead0390998c91cdcbe4733","5aeacf320998c91cdcbe4709","5aead0320998c91cdcbe472b","5aead0320998c91cdcbe472c","5aead0310998c91cdcbe472a","5aeacf320998c91cdcbe470a"]}]}
41|{"id":"3d435140-a154-4982-863f-90dc8fa308f1","m":"v0/card.create","p":[{"components":[{"type":"text","data":{"value":"Case 10 files."}},{"type":"file","data":{"value":"83aa09c751a24ccb913d7d5abefbbf31","meta":{"filename":"file_example_doc","size":224768,"mimetype":"application/msword"}}},{"type":"file","data":{"value":"62de6af80adb4485b6367f058511b9e8","meta":{"filename":"file_example_gif","size":407297,"mimetype":"image/gif"}}},{"type":"file","data":{"value":"a3acb3cc0be4494294ff4c60e8b73cf5","meta":{"filename":"file_example_html","size":4130,"mimetype":"text/html"}}},{"type":"file","data":{"value":"62de6af80adb4485b6367f058511b9e8","meta":{"filename":"file_example_gif","size":407297,"mimetype":"image/gif"}}},{"type":"file","data":{"value":"83aa09c751a24ccb913d7d5abefbbf31","meta":{"filename":"file_example_doc","size":224768,"mimetype":"application/msword"}}},{"type":"file","data":{"value":"a3acb3cc0be4494294ff4c60e8b73cf5","meta":{"filename":"file_example_html","size":4130,"mimetype":"text/html"}}},{"type":"file","data":{"value":"62de6af80adb4485b6367f058511b9e8","meta":{"filename":"file_example_gif","size":407297,"mimetype":"image/gif"}}},{"type":"file","data":{"value":"83aa09c751a24ccb913d7d5abefbbf31","meta":{"filename":"file_example_doc","size":224768,"mimetype":"application/msword"}}},{"type":"file","data":{"value":"a3acb3cc0be4494294ff4c60e8b73cf5","meta":{"filename":"file_example_html","size":4130,"mimetype":"text/html"}}},{"type":"file","data":{"value":"62de6af80adb4485b6367f058511b9e8","meta":{"filename":"file_example_gif","size":407297,"mimetype":"image/gif"}}}],"status":"Open"},{"isFavorited":false,"sharedUserIds":["5aead0380998c91cdcbe4732","5aead0390998c91cdcbe4733","5aeacf320998c91cdcbe4709","5aead0320998c91cdcbe472b","5aead0320998c91cdcbe472c","5aead0310998c91cdcbe472a","5aeacf320998c91cdcbe470a"]}]}
41|{"id":"3d435140-a154-4982-863f-90dc8fa308f1","m":"v0/card.create","p":[{"components":[{"type":"text","data":{"value":"Case 10 images."}},{"type":"picture","data":{"value":"6da84610b5274fe0afa3fb40a20a230a","meta":{"filename":"nathan-dumlao-401855-unsplash","size":5243875,"mimetype":"image/jpeg"}}},{"type":"picture","data":{"value":"45b181a6c52a40089be07e38e47ff044","meta":{"filename":"peter-rosales-764955-unsplash","size":3835516,"mimetype":"image/jpeg"}}},{"type":"picture","data":{"value":"bf73aefa020c48669b18defc9cac55b0","meta":{"filename":"minion2","size":360587,"mimetype":"image/png"}}},{"type":"picture","data":{"value":"2a5e5a3ec15b4ef2808be98fff499996","meta":{"filename":"nathan-dumlao-451103-unsplash","size":3855788,"mimetype":"image/jpeg"}}},{"type":"picture","data":{"value":"55d3c9c59c1542d1a8233be63e30e46e","meta":{"filename":"minion1","size":418190,"mimetype":"image/png"}}},{"type":"picture","data":{"value":"bf73aefa020c48669b18defc9cac55b0","meta":{"filename":"minion2","size":360587,"mimetype":"image/png"}}},{"type":"picture","data":{"value":"2bdbce9793d44207a61534f044169df2","meta":{"filename":"brooke-lark-489997-unsplash","size":2653362,"mimetype":"image/jpeg"}}},{"type":"picture","data":{"value":"6da84610b5274fe0afa3fb40a20a230a","meta":{"filename":"nathan-dumlao-401855-unsplash","size":5243875,"mimetype":"image/jpeg"}}},{"type":"picture","data":{"value":"bf73aefa020c48669b18defc9cac55b0","meta":{"filename":"minion2","size":360587,"mimetype":"image/png"}}},{"type":"picture","data":{"value":"04cec4aba0fc444aa0782db7c097dce7","meta":{"filename":"pexels-photo-1534560","size":99814,"mimetype":"image/jpeg"}}}],"dueDate":"2018-12-05T03:58:51.151Z","status":"Open"},{"isFavorited":false,"sharedUserIds":["5aeacf4a0998c91cdcbe4726","5aead0330998c91cdcbe472d","5aead0340998c91cdcbe472e","5aead0350998c91cdcbe472f","5aead0360998c91cdcbe4730","5aead0370998c91cdcbe4731","5aead0380998c91cdcbe4732","5aead0390998c91cdcbe4733","5aeacf320998c91cdcbe4709","5aead0320998c91cdcbe472b","5aead0320998c91cdcbe472c","5aead0310998c91cdcbe472a","5aeacf320998c91cdcbe470a"]}]}
41|{"id":"3d435140-a154-4982-863f-90dc8fa308f1","m":"v0/card.create","p":[{"components":[{"type":"text","data":{"value":"Hic ratione et vero ut unde. Id voluptatum vel necessitatibus sint quis asperiores. #accusantium #placeat #nobis #eum #ut"}},{"type":"text","data":{"value":"Ut minima veniam nesciunt ea esse sapiente repudiandae odit ex. #accusamus #earum #recusandae #officia #quidem"}},{"type":"file","data":{"value":"83aa09c751a24ccb913d7d5abefbbf31","meta":{"filename":"file_example_doc","size":224768,"mimetype":"application/msword"}}},{"type":"file","data":{"value":"62de6af80adb4485b6367f058511b9e8","meta":{"filename":"file_example_gif","size":407297,"mimetype":"image/gif"}}},{"type":"picture","data":{"value":"2a5e5a3ec15b4ef2808be98fff499996","meta":{"filename":"nathan-dumlao-451103-unsplash","size":3855788,"mimetype":"image/jpeg"}}},{"type":"picture","data":{"value":"55d3c9c59c1542d1a8233be63e30e46e","meta":{"filename":"minion1","size":418190,"mimetype":"image/png"}}}],"status":"Closed"},{"isFavorited":true,"sharedUserIds":["5aead0320998c91cdcbe472b","5aead0320998c91cdcbe472c","5aead0310998c91cdcbe472a","5aeacf320998c91cdcbe470a"]}]}
41|{"id":"3d435140-a154-4982-863f-90dc8fa308f1","m":"v0/card.create","p":[{"components":[{"type":"file","data":{"value":"83aa09c751a24ccb913d7d5abefbbf31","meta":{"filename":"file_example_doc","size":224768,"mimetype":"application/msword"}}},{"type":"text","data":{"value":"Repudiandae dolor eaque consequatur rerum similique voluptatem blanditiis ea. #rerum #temporibus #reprehenderit #facere #soluta"}},{"type":"picture","data":{"value":"e77401f64f734c5b92340b390d9cffbe","meta":{"filename":"nathan-dumlao-314124-unsplash","size":9207312,"mimetype":"image/jpeg"}}},{"type":"text","data":{"value":"Veritatis quos illum a quia molestiae voluptatem sunt voluptate molestias. #aut #sit #exercitationem #necessitatibus #at"}},{"type":"file","data":{"value":"62de6af80adb4485b6367f058511b9e8","meta":{"filename":"file_example_gif","size":407297,"mimetype":"image/gif"}}},{"type":"picture","data":{"value":"bf73aefa020c48669b18defc9cac55b0","meta":{"filename":"minion2","size":360587,"mimetype":"image/png"}}}],"dueDate":"2017-11-05T03:58:51.157Z","status":"Closed"},{"isFavorited":true,"sharedUserIds":["5aeacf3c0998c91cdcbe4716","5aeacf3d0998c91cdcbe4717","5aeacf3d0998c91cdcbe4718","5aeacf3e0998c91cdcbe4719","5aeacf3f0998c91cdcbe471a","5aeacf400998c91cdcbe471b","5aeacf410998c91cdcbe471c","5aeacf420998c91cdcbe471d","5aeacf430998c91cdcbe471e","5aeacf440998c91cdcbe471f","5aeacf440998c91cdcbe4720","5aeacf450998c91cdcbe4721","5aeacf460998c91cdcbe4722","5aeacf470998c91cdcbe4723","5aeacf480998c91cdcbe4724","5aeacf490998c91cdcbe4725","5aeacf4a0998c91cdcbe4726","5aead0330998c91cdcbe472d","5aead0340998c91cdcbe472e","5aead0350998c91cdcbe472f","5aead0360998c91cdcbe4730","5aead0370998c91cdcbe4731","5aead0380998c91cdcbe4732","5aead0390998c91cdcbe4733","5aeacf320998c91cdcbe4709","5aead0320998c91cdcbe472b","5aead0320998c91cdcbe472c","5aead0310998c91cdcbe472a","5aeacf320998c91cdcbe470a"]}]}
41|{"id":"3d435140-a154-4982-863f-90dc8fa308f1","m":"v0/card.create","p":[{"components":[{"type":"text","data":{"value":"Consequatur placeat reprehenderit et excepturi ut voluptas et. Molestias quae rerum odit velit. Explicabo quia est ea aspernatur sunt. #id #esse #veniam #natus #et"}},{"type":"file","data":{"value":"62de6af80adb4485b6367f058511b9e8","meta":{"filename":"file_example_gif","size":407297,"mimetype":"image/gif"}}},{"type":"text","data":{"value":"Et voluptatem minus autem voluptatum quas et sit nam dicta. #repudiandae #voluptate #id #veniam #reiciendis"}},{"type":"file","data":{"value":"83aa09c751a24ccb913d7d5abefbbf31","meta":{"filename":"file_example_doc","size":224768,"mimetype":"application/msword"}}},{"type":"picture","data":{"value":"2bdbce9793d44207a61534f044169df2","meta":{"filename":"brooke-lark-489997-unsplash","size":2653362,"mimetype":"image/jpeg"}}},{"type":"picture","data":{"value":"6da84610b5274fe0afa3fb40a20a230a","meta":{"filename":"nathan-dumlao-401855-unsplash","size":5243875,"mimetype":"image/jpeg"}}}],"dueDate":"2017-11-05T03:58:51.161Z","status":"Closed"},{"isFavorited":true,"sharedUserIds":["5aeacf3e0998c91cdcbe4719","5aeacf3f0998c91cdcbe471a","5aeacf400998c91cdcbe471b","5aeacf410998c91cdcbe471c","5aeacf420998c91cdcbe471d","5aeacf430998c91cdcbe471e","5aeacf440998c91cdcbe471f","5aeacf440998c91cdcbe4720","5aeacf450998c91cdcbe4721","5aeacf460998c91cdcbe4722","5aeacf470998c91cdcbe4723","5aeacf480998c91cdcbe4724","5aeacf490998c91cdcbe4725","5aeacf4a0998c91cdcbe4726","5aead0330998c91cdcbe472d","5aead0340998c91cdcbe472e","5aead0350998c91cdcbe472f","5aead0360998c91cdcbe4730","5aead0370998c91cdcbe4731","5aead0380998c91cdcbe4732","5aead0390998c91cdcbe4733","5aeacf320998c91cdcbe4709","5aead0320998c91cdcbe472b","5aead0320998c91cdcbe472c","5aead0310998c91cdcbe472a","5aeacf320998c91cdcbe470a"]}]}
41|{"id":"3d435140-a154-4982-863f-90dc8fa308f1","m":"v0/card.create","p":[{"components":[{"type":"file","data":{"value":"62de6af80adb4485b6367f058511b9e8","meta":{"filename":"file_example_gif","size":407297,"mimetype":"image/gif"}}},{"type":"file","data":{"value":"83aa09c751a24ccb913d7d5abefbbf31","meta":{"filename":"file_example_doc","size":224768,"mimetype":"application/msword"}}},{"type":"picture","data":{"value":"45b181a6c52a40089be07e38e47ff044","meta":{"filename":"peter-rosales-764955-unsplash","size":3835516,"mimetype":"image/jpeg"}}},{"type":"picture","data":{"value":"04cec4aba0fc444aa0782db7c097dce7","meta":{"filename":"pexels-photo-1534560","size":99814,"mimetype":"image/jpeg"}}},{"type":"text","data":{"value":"Qui et nisi. Laudantium numquam a a non numquam explicabo numquam omnis. #in #quam #aut #mollitia #nobis"}},{"type":"text","data":{"value":"Et explicabo dolorum distinctio ab et laborum quibusdam occaecati consequatur. #sit #odio #enim #recusandae #est"}}],"status":"Closed"},{"isFavorited":true,"sharedUserIds":["5aeacf410998c91cdcbe471c","5aeacf420998c91cdcbe471d","5aeacf430998c91cdcbe471e","5aeacf440998c91cdcbe471f","5aeacf440998c91cdcbe4720","5aeacf450998c91cdcbe4721","5aeacf460998c91cdcbe4722","5aeacf470998c91cdcbe4723","5aeacf480998c91cdcbe4724","5aeacf490998c91cdcbe4725","5aeacf4a0998c91cdcbe4726","5aead0330998c91cdcbe472d","5aead0340998c91cdcbe472e","5aead0350998c91cdcbe472f","5aead0360998c91cdcbe4730","5aead0370998c91cdcbe4731","5aead0380998c91cdcbe4732","5aead0390998c91cdcbe4733","5aeacf320998c91cdcbe4709","5aead0320998c91cdcbe472b","5aead0320998c91cdcbe472c","5aead0310998c91cdcbe472a","5aeacf320998c91cdcbe470a"]}]}
41|{"id":"3d435140-a154-4982-863f-90dc8fa308f1","m":"v0/card.create","p":[{"components":[{"type":"text","data":{"value":"Aut sunt molestiae beatae in non et est at beatae. #ratione #nesciunt #quas #cumque #a"}},{"type":"file","data":{"value":"62de6af80adb4485b6367f058511b9e8","meta":{"filename":"file_example_gif","size":407297,"mimetype":"image/gif"}}},{"type":"text","data":{"value":"Sint ex libero. Voluptates nihil repudiandae nostrum dolore explicabo. #aut #officia #aliquam #voluptates #delectus"}},{"type":"picture","data":{"value":"bf73aefa020c48669b18defc9cac55b0","meta":{"filename":"minion2","size":360587,"mimetype":"image/png"}}},{"type":"picture","data":{"value":"cf047e3df1784067b245eddd40afe04a","meta":{"filename":"file_example_png_1mb","size":1006708,"mimetype":"image/png"}}},{"type":"file","data":{"value":"83aa09c751a24ccb913d7d5abefbbf31","meta":{"filename":"file_example_doc","size":224768,"mimetype":"application/msword"}}}],"dueDate":"2018-10-05T03:58:51.167Z","status":"Closed"},{"isFavorited":true,"sharedUserIds":["5aeacf460998c91cdcbe4722","5aeacf470998c91cdcbe4723","5aeacf480998c91cdcbe4724","5aeacf490998c91cdcbe4725","5aeacf4a0998c91cdcbe4726","5aead0330998c91cdcbe472d","5aead0340998c91cdcbe472e","5aead0350998c91cdcbe472f","5aead0360998c91cdcbe4730","5aead0370998c91cdcbe4731","5aead0380998c91cdcbe4732","5aead0390998c91cdcbe4733","5aeacf320998c91cdcbe4709","5aead0320998c91cdcbe472b","5aead0320998c91cdcbe472c","5aead0310998c91cdcbe472a","5aeacf320998c91cdcbe470a"]}]}
41|{"id":"3d435140-a154-4982-863f-90dc8fa308f1","m":"v0/card.create","p":[{"components":[{"type":"file","data":{"value":"83aa09c751a24ccb913d7d5abefbbf31","meta":{"filename":"file_example_doc","size":224768,"mimetype":"application/msword"}}},{"type":"picture","data":{"value":"2a5e5a3ec15b4ef2808be98fff499996","meta":{"filename":"nathan-dumlao-451103-unsplash","size":3855788,"mimetype":"image/jpeg"}}},{"type":"picture","data":{"value":"04cec4aba0fc444aa0782db7c097dce7","meta":{"filename":"pexels-photo-1534560","size":99814,"mimetype":"image/jpeg"}}},{"type":"text","data":{"value":"Nemo quis accusantium voluptas cum cum nam ducimus rerum. #eos #illum #qui #omnis #itaque"}},{"type":"file","data":{"value":"62de6af80adb4485b6367f058511b9e8","meta":{"filename":"file_example_gif","size":407297,"mimetype":"image/gif"}}},{"type":"text","data":{"value":"Reiciendis exercitationem rerum tenetur rem magnam eos dolorum et esse. #illum #repellendus #tempore #quia #ea"}}],"status":"Closed"},{"isFavorited":true,"sharedUserIds":["5aeacf490998c91cdcbe4725","5aeacf4a0998c91cdcbe4726","5aead0330998c91cdcbe472d","5aead0340998c91cdcbe472e","5aead0350998c91cdcbe472f","5aead0360998c91cdcbe4730","5aead0370998c91cdcbe4731","5aead0380998c91cdcbe4732","5aead0390998c91cdcbe4733","5aeacf320998c91cdcbe4709","5aead0320998c91cdcbe472b","5aead0320998c91cdcbe472c","5aead0310998c91cdcbe472a","5aeacf320998c91cdcbe470a"]}]}
41|{"id":"3d435140-a154-4982-863f-90dc8fa308f1","m":"v0/card.create","p":[{"components":[{"type":"picture","data":{"value":"04cec4aba0fc444aa0782db7c097dce7","meta":{"filename":"pexels-photo-1534560","size":99814,"mimetype":"image/jpeg"}}},{"type":"text","data":{"value":"Temporibus autem ut incidunt laboriosam repudiandae. #iusto #alias #sit #qui #ut"}},{"type":"picture","data":{"value":"55d3c9c59c1542d1a8233be63e30e46e","meta":{"filename":"minion1","size":418190,"mimetype":"image/png"}}},{"type":"file","data":{"value":"83aa09c751a24ccb913d7d5abefbbf31","meta":{"filename":"file_example_doc","size":224768,"mimetype":"application/msword"}}},{"type":"file","data":{"value":"62de6af80adb4485b6367f058511b9e8","meta":{"filename":"file_example_gif","size":407297,"mimetype":"image/gif"}}},{"type":"text","data":{"value":"Laborum autem omnis mollitia eum assumenda quos dicta magni quam. #mollitia #aliquid #ea #officia #laboriosam"}}],"dueDate":"2018-11-04T03:58:51.173Z","status":"Closed"},{"isFavorited":true,"sharedUserIds":["5aeacf440998c91cdcbe4720","5aeacf450998c91cdcbe4721","5aeacf460998c91cdcbe4722","5aeacf470998c91cdcbe4723","5aeacf480998c91cdcbe4724","5aeacf490998c91cdcbe4725","5aeacf4a0998c91cdcbe4726","5aead0330998c91cdcbe472d","5aead0340998c91cdcbe472e","5aead0350998c91cdcbe472f","5aead0360998c91cdcbe4730","5aead0370998c91cdcbe4731","5aead0380998c91cdcbe4732","5aead0390998c91cdcbe4733","5aeacf320998c91cdcbe4709","5aead0320998c91cdcbe472b","5aead0320998c91cdcbe472c","5aead0310998c91cdcbe472a","5aeacf320998c91cdcbe470a"]}]}
41|{"id":"3d435140-a154-4982-863f-90dc8fa308f1","m":"v0/card.create","p":[{"components":[{"type":"text","data":{"value":"Case all files 3 type."}},{"type":"file","data":{"value":"83aa09c751a24ccb913d7d5abefbbf31","meta":{"filename":"file_example_doc","size":224768,"mimetype":"application/msword"}}},{"type":"file","data":{"value":"62de6af80adb4485b6367f058511b9e8","meta":{"filename":"file_example_gif","size":407297,"mimetype":"image/gif"}}},{"type":"file","data":{"value":"a3acb3cc0be4494294ff4c60e8b73cf5","meta":{"filename":"file_example_html","size":4130,"mimetype":"text/html"}}}],"dueDate":"2017-11-05T03:58:51.176Z","status":"Closed"},{"isFavorited":true,"sharedUserIds":["5aead0360998c91cdcbe4730","5aead0370998c91cdcbe4731","5aead0380998c91cdcbe4732","5aead0390998c91cdcbe4733","5aeacf320998c91cdcbe4709","5aead0320998c91cdcbe472b","5aead0320998c91cdcbe472c","5aead0310998c91cdcbe472a","5aeacf320998c91cdcbe470a"]}]}
41|{"id":"3d435140-a154-4982-863f-90dc8fa308f1","m":"v0/card.create","p":[{"components":[{"type":"text","data":{"value":"Case 10 files."}},{"type":"file","data":{"value":"83aa09c751a24ccb913d7d5abefbbf31","meta":{"filename":"file_example_doc","size":224768,"mimetype":"application/msword"}}},{"type":"file","data":{"value":"62de6af80adb4485b6367f058511b9e8","meta":{"filename":"file_example_gif","size":407297,"mimetype":"image/gif"}}},{"type":"file","data":{"value":"a3acb3cc0be4494294ff4c60e8b73cf5","meta":{"filename":"file_example_html","size":4130,"mimetype":"text/html"}}},{"type":"file","data":{"value":"83aa09c751a24ccb913d7d5abefbbf31","meta":{"filename":"file_example_doc","size":224768,"mimetype":"application/msword"}}},{"type":"file","data":{"value":"62de6af80adb4485b6367f058511b9e8","meta":{"filename":"file_example_gif","size":407297,"mimetype":"image/gif"}}},{"type":"file","data":{"value":"62de6af80adb4485b6367f058511b9e8","meta":{"filename":"file_example_gif","size":407297,"mimetype":"image/gif"}}},{"type":"file","data":{"value":"a3acb3cc0be4494294ff4c60e8b73cf5","meta":{"filename":"file_example_html","size":4130,"mimetype":"text/html"}}},{"type":"file","data":{"value":"83aa09c751a24ccb913d7d5abefbbf31","meta":{"filename":"file_example_doc","size":224768,"mimetype":"application/msword"}}},{"type":"file","data":{"value":"62de6af80adb4485b6367f058511b9e8","meta":{"filename":"file_example_gif","size":407297,"mimetype":"image/gif"}}},{"type":"file","data":{"value":"a3acb3cc0be4494294ff4c60e8b73cf5","meta":{"filename":"file_example_html","size":4130,"mimetype":"text/html"}}}],"dueDate":"2019-11-05T03:58:51.178Z","status":"Closed"},{"isFavorited":true,"sharedUserIds":["5aeacf460998c91cdcbe4722","5aeacf470998c91cdcbe4723","5aeacf480998c91cdcbe4724","5aeacf490998c91cdcbe4725","5aeacf4a0998c91cdcbe4726","5aead0330998c91cdcbe472d","5aead0340998c91cdcbe472e","5aead0350998c91cdcbe472f","5aead0360998c91cdcbe4730","5aead0370998c91cdcbe4731","5aead0380998c91cdcbe4732","5aead0390998c91cdcbe4733","5aeacf320998c91cdcbe4709","5aead0320998c91cdcbe472b","5aead0320998c91cdcbe472c","5aead0310998c91cdcbe472a","5aeacf320998c91cdcbe470a"]}]}
41|{"id":"3d435140-a154-4982-863f-90dc8fa308f1","m":"v0/card.create","p":[{"components":[{"type":"text","data":{"value":"Case 10 images."}},{"type":"picture","data":{"value":"bf73aefa020c48669b18defc9cac55b0","meta":{"filename":"minion2","size":360587,"mimetype":"image/png"}}},{"type":"picture","data":{"value":"6da84610b5274fe0afa3fb40a20a230a","meta":{"filename":"nathan-dumlao-401855-unsplash","size":5243875,"mimetype":"image/jpeg"}}},{"type":"picture","data":{"value":"2bdbce9793d44207a61534f044169df2","meta":{"filename":"brooke-lark-489997-unsplash","size":2653362,"mimetype":"image/jpeg"}}},{"type":"picture","data":{"value":"2a5e5a3ec15b4ef2808be98fff499996","meta":{"filename":"nathan-dumlao-451103-unsplash","size":3855788,"mimetype":"image/jpeg"}}},{"type":"picture","data":{"value":"bf73aefa020c48669b18defc9cac55b0","meta":{"filename":"minion2","size":360587,"mimetype":"image/png"}}},{"type":"picture","data":{"value":"e77401f64f734c5b92340b390d9cffbe","meta":{"filename":"nathan-dumlao-314124-unsplash","size":9207312,"mimetype":"image/jpeg"}}},{"type":"picture","data":{"value":"55d3c9c59c1542d1a8233be63e30e46e","meta":{"filename":"minion1","size":418190,"mimetype":"image/png"}}},{"type":"picture","data":{"value":"55d3c9c59c1542d1a8233be63e30e46e","meta":{"filename":"minion1","size":418190,"mimetype":"image/png"}}},{"type":"picture","data":{"value":"2a5e5a3ec15b4ef2808be98fff499996","meta":{"filename":"nathan-dumlao-451103-unsplash","size":3855788,"mimetype":"image/jpeg"}}},{"type":"picture","data":{"value":"3a77438337f34879a3e4c5a5ce4590d2","meta":{"filename":"eberhard-grossgasteiger-765011-unsplash","size":2502086,"mimetype":"image/jpeg"}}}],"dueDate":"2018-12-05T03:58:51.180Z","status":"Closed"},{"isFavorited":true,"sharedUserIds":["5aeacf470998c91cdcbe4723","5aeacf480998c91cdcbe4724","5aeacf490998c91cdcbe4725","5aeacf4a0998c91cdcbe4726","5aead0330998c91cdcbe472d","5aead0340998c91cdcbe472e","5aead0350998c91cdcbe472f","5aead0360998c91cdcbe4730","5aead0370998c91cdcbe4731","5aead0380998c91cdcbe4732","5aead0390998c91cdcbe4733","5aeacf320998c91cdcbe4709","5aead0320998c91cdcbe472b","5aead0320998c91cdcbe472c","5aead0310998c91cdcbe472a","5aeacf320998c91cdcbe470a"]}]}
41|{"id":"3d435140-a154-4982-863f-90dc8fa308f1","m":"v0/card.create","p":[{"components":[{"type":"picture","data":{"value":"bf73aefa020c48669b18defc9cac55b0","meta":{"filename":"minion2","size":360587,"mimetype":"image/png"}}},{"type":"file","data":{"value":"83aa09c751a24ccb913d7d5abefbbf31","meta":{"filename":"file_example_doc","size":224768,"mimetype":"application/msword"}}},{"type":"text","data":{"value":"Aut tenetur laboriosam aspernatur sapiente magnam vel atque dolor velit. #sunt #possimus #ut #neque #sit"}},{"type":"file","data":{"value":"62de6af80adb4485b6367f058511b9e8","meta":{"filename":"file_example_gif","size":407297,"mimetype":"image/gif"}}},{"type":"text","data":{"value":"Et nihil corrupti est et perferendis reprehenderit quam minus officia. #error #dolores #quia #animi #quis"}},{"type":"picture","data":{"value":"55d3c9c59c1542d1a8233be63e30e46e","meta":{"filename":"minion1","size":418190,"mimetype":"image/png"}}}],"status":"Closed"},{"isFavorited":false,"sharedUserIds":["5aeacf440998c91cdcbe4720","5aeacf450998c91cdcbe4721","5aeacf460998c91cdcbe4722","5aeacf470998c91cdcbe4723","5aeacf480998c91cdcbe4724","5aeacf490998c91cdcbe4725","5aeacf4a0998c91cdcbe4726","5aead0330998c91cdcbe472d","5aead0340998c91cdcbe472e","5aead0350998c91cdcbe472f","5aead0360998c91cdcbe4730","5aead0370998c91cdcbe4731","5aead0380998c91cdcbe4732","5aead0390998c91cdcbe4733","5aeacf320998c91cdcbe4709","5aead0320998c91cdcbe472b","5aead0320998c91cdcbe472c","5aead0310998c91cdcbe472a","5aeacf320998c91cdcbe470a"]}]}
41|{"id":"3d435140-a154-4982-863f-90dc8fa308f1","m":"v0/card.create","p":[{"components":[{"type":"file","data":{"value":"62de6af80adb4485b6367f058511b9e8","meta":{"filename":"file_example_gif","size":407297,"mimetype":"image/gif"}}},{"type":"text","data":{"value":"Minima et eum sunt ipsum vel laboriosam odio aut explicabo. #voluptate #dolores #eius #qui #nesciunt"}},{"type":"file","data":{"value":"83aa09c751a24ccb913d7d5abefbbf31","meta":{"filename":"file_example_doc","size":224768,"mimetype":"application/msword"}}},{"type":"picture","data":{"value":"6da84610b5274fe0afa3fb40a20a230a","meta":{"filename":"nathan-dumlao-401855-unsplash","size":5243875,"mimetype":"image/jpeg"}}},{"type":"picture","data":{"value":"e77401f64f734c5b92340b390d9cffbe","meta":{"filename":"nathan-dumlao-314124-unsplash","size":9207312,"mimetype":"image/jpeg"}}},{"type":"text","data":{"value":"Molestiae odio accusantium ut soluta ab enim. #debitis #corporis #est #facere #pariatur"}}],"status":"Closed"},{"isFavorited":false,"sharedUserIds":["5aead0390998c91cdcbe4733","5aeacf320998c91cdcbe4709","5aead0320998c91cdcbe472b","5aead0320998c91cdcbe472c","5aead0310998c91cdcbe472a","5aeacf320998c91cdcbe470a"]}]}
41|{"id":"3d435140-a154-4982-863f-90dc8fa308f1","m":"v0/card.create","p":[{"components":[{"type":"picture","data":{"value":"bf73aefa020c48669b18defc9cac55b0","meta":{"filename":"minion2","size":360587,"mimetype":"image/png"}}},{"type":"picture","data":{"value":"45b181a6c52a40089be07e38e47ff044","meta":{"filename":"peter-rosales-764955-unsplash","size":3835516,"mimetype":"image/jpeg"}}},{"type":"file","data":{"value":"83aa09c751a24ccb913d7d5abefbbf31","meta":{"filename":"file_example_doc","size":224768,"mimetype":"application/msword"}}},{"type":"text","data":{"value":"Est qui recusandae quae ut optio recusandae architecto reprehenderit ut. #temporibus #reiciendis #reprehenderit #non #veniam"}},{"type":"text","data":{"value":"Et reiciendis cumque est et necessitatibus nobis modi. Quis consequatur in vel. Facilis voluptate et rerum rem et eos maxime quo. Porro dolores ipsam laborum numquam ullam. #nihil #et #quo #voluptas #dolores"}},{"type":"file","data":{"value":"62de6af80adb4485b6367f058511b9e8","meta":{"filename":"file_example_gif","size":407297,"mimetype":"image/gif"}}}],"dueDate":"2017-11-05T03:58:51.185Z","status":"Closed"},{"isFavorited":false,"sharedUserIds":["5aead0330998c91cdcbe472d","5aead0340998c91cdcbe472e","5aead0350998c91cdcbe472f","5aead0360998c91cdcbe4730","5aead0370998c91cdcbe4731","5aead0380998c91cdcbe4732","5aead0390998c91cdcbe4733","5aeacf320998c91cdcbe4709","5aead0320998c91cdcbe472b","5aead0320998c91cdcbe472c","5aead0310998c91cdcbe472a","5aeacf320998c91cdcbe470a"]}]}
41|{"id":"3d435140-a154-4982-863f-90dc8fa308f1","m":"v0/card.create","p":[{"components":[{"type":"picture","data":{"value":"2bdbce9793d44207a61534f044169df2","meta":{"filename":"brooke-lark-489997-unsplash","size":2653362,"mimetype":"image/jpeg"}}},{"type":"text","data":{"value":"At porro aspernatur a. #est #quia #necessitatibus #aliquid #laudantium"}},{"type":"file","data":{"value":"83aa09c751a24ccb913d7d5abefbbf31","meta":{"filename":"file_example_doc","size":224768,"mimetype":"application/msword"}}},{"type":"picture","data":{"value":"45b181a6c52a40089be07e38e47ff044","meta":{"filename":"peter-rosales-764955-unsplash","size":3835516,"mimetype":"image/jpeg"}}},{"type":"file","data":{"value":"62de6af80adb4485b6367f058511b9e8","meta":{"filename":"file_example_gif","size":407297,"mimetype":"image/gif"}}},{"type":"text","data":{"value":"Harum voluptatem quo repellendus est sint architecto et quia repellat. #ipsum #et #totam #perspiciatis #voluptatem"}}],"dueDate":"2018-11-04T03:58:51.188Z","status":"Closed"},{"isFavorited":false,"sharedUserIds":["5aeacf370998c91cdcbe4710","5aeacf380998c91cdcbe4711","5aeacf390998c91cdcbe4712","5aeacf3a0998c91cdcbe4713","5aeacf3a0998c91cdcbe4714","5aeacf3b0998c91cdcbe4715","5aeacf3c0998c91cdcbe4716","5aeacf3d0998c91cdcbe4717","5aeacf3d0998c91cdcbe4718","5aeacf3e0998c91cdcbe4719","5aeacf3f0998c91cdcbe471a","5aeacf400998c91cdcbe471b","5aeacf410998c91cdcbe471c","5aeacf420998c91cdcbe471d","5aeacf430998c91cdcbe471e","5aeacf440998c91cdcbe471f","5aeacf440998c91cdcbe4720","5aeacf450998c91cdcbe4721","5aeacf460998c91cdcbe4722","5aeacf470998c91cdcbe4723","5aeacf480998c91cdcbe4724","5aeacf490998c91cdcbe4725","5aeacf4a0998c91cdcbe4726","5aead0330998c91cdcbe472d","5aead0340998c91cdcbe472e","5aead0350998c91cdcbe472f","5aead0360998c91cdcbe4730","5aead0370998c91cdcbe4731","5aead0380998c91cdcbe4732","5aead0390998c91cdcbe4733","5aeacf320998c91cdcbe4709","5aead0320998c91cdcbe472b","5aead0320998c91cdcbe472c","5aead0310998c91cdcbe472a","5aeacf320998c91cdcbe470a"]}]}
41|{"id":"3d435140-a154-4982-863f-90dc8fa308f1","m":"v0/card.create","p":[{"components":[{"type":"text","data":{"value":"Repudiandae nulla et corrupti itaque quis unde voluptas optio fugiat. Ut corporis enim molestias dolor. Molestias vero magnam numquam voluptas molestias vero aut ratione non. #autem #dolore #enim #doloremque #praesentium"}},{"type":"file","data":{"value":"83aa09c751a24ccb913d7d5abefbbf31","meta":{"filename":"file_example_doc","size":224768,"mimetype":"application/msword"}}},{"type":"picture","data":{"value":"2a5e5a3ec15b4ef2808be98fff499996","meta":{"filename":"nathan-dumlao-451103-unsplash","size":3855788,"mimetype":"image/jpeg"}}},{"type":"picture","data":{"value":"2a5e5a3ec15b4ef2808be98fff499996","meta":{"filename":"nathan-dumlao-451103-unsplash","size":3855788,"mimetype":"image/jpeg"}}},{"type":"file","data":{"value":"62de6af80adb4485b6367f058511b9e8","meta":{"filename":"file_example_gif","size":407297,"mimetype":"image/gif"}}},{"type":"text","data":{"value":"Inventore enim quisquam nisi rerum dolore consectetur neque corporis esse. #molestias #consequatur #necessitatibus #ut #omnis"}}],"dueDate":"2017-11-05T03:58:51.190Z","status":"Closed"},{"isFavorited":false,"sharedUserIds":["5aeacf400998c91cdcbe471b","5aeacf410998c91cdcbe471c","5aeacf420998c91cdcbe471d","5aeacf430998c91cdcbe471e","5aeacf440998c91cdcbe471f","5aeacf440998c91cdcbe4720","5aeacf450998c91cdcbe4721","5aeacf460998c91cdcbe4722","5aeacf470998c91cdcbe4723","5aeacf480998c91cdcbe4724","5aeacf490998c91cdcbe4725","5aeacf4a0998c91cdcbe4726","5aead0330998c91cdcbe472d","5aead0340998c91cdcbe472e","5aead0350998c91cdcbe472f","5aead0360998c91cdcbe4730","5aead0370998c91cdcbe4731","5aead0380998c91cdcbe4732","5aead0390998c91cdcbe4733","5aeacf320998c91cdcbe4709","5aead0320998c91cdcbe472b","5aead0320998c91cdcbe472c","5aead0310998c91cdcbe472a","5aeacf320998c91cdcbe470a"]}]}
41|{"id":"3d435140-a154-4982-863f-90dc8fa308f1","m":"v0/card.create","p":[{"components":[{"type":"picture","data":{"value":"6da84610b5274fe0afa3fb40a20a230a","meta":{"filename":"nathan-dumlao-401855-unsplash","size":5243875,"mimetype":"image/jpeg"}}},{"type":"text","data":{"value":"Mollitia est voluptatibus nulla occaecati excepturi consequatur. Voluptatum aut vel in quasi. Qui quasi porro quia error temporibus non qui id. #totam #rerum #error #commodi #quia"}},{"type":"text","data":{"value":"Iure repellat sed animi et voluptatem sed illum incidunt numquam. #omnis #modi #aliquam #veritatis #sunt"}},{"type":"file","data":{"value":"62de6af80adb4485b6367f058511b9e8","meta":{"filename":"file_example_gif","size":407297,"mimetype":"image/gif"}}},{"type":"picture","data":{"value":"2bdbce9793d44207a61534f044169df2","meta":{"filename":"brooke-lark-489997-unsplash","size":2653362,"mimetype":"image/jpeg"}}},{"type":"file","data":{"value":"83aa09c751a24ccb913d7d5abefbbf31","meta":{"filename":"file_example_doc","size":224768,"mimetype":"application/msword"}}}],"dueDate":"2018-11-04T03:58:51.193Z","status":"Closed"},{"isFavorited":false,"sharedUserIds":["5aeacf3b0998c91cdcbe4715","5aeacf3c0998c91cdcbe4716","5aeacf3d0998c91cdcbe4717","5aeacf3d0998c91cdcbe4718","5aeacf3e0998c91cdcbe4719","5aeacf3f0998c91cdcbe471a","5aeacf400998c91cdcbe471b","5aeacf410998c91cdcbe471c","5aeacf420998c91cdcbe471d","5aeacf430998c91cdcbe471e","5aeacf440998c91cdcbe471f","5aeacf440998c91cdcbe4720","5aeacf450998c91cdcbe4721","5aeacf460998c91cdcbe4722","5aeacf470998c91cdcbe4723","5aeacf480998c91cdcbe4724","5aeacf490998c91cdcbe4725","5aeacf4a0998c91cdcbe4726","5aead0330998c91cdcbe472d","5aead0340998c91cdcbe472e","5aead0350998c91cdcbe472f","5aead0360998c91cdcbe4730","5aead0370998c91cdcbe4731","5aead0380998c91cdcbe4732","5aead0390998c91cdcbe4733","5aeacf320998c91cdcbe4709","5aead0320998c91cdcbe472b","5aead0320998c91cdcbe472c","5aead0310998c91cdcbe472a","5aeacf320998c91cdcbe470a"]}]}
41|{"id":"3d435140-a154-4982-863f-90dc8fa308f1","m":"v0/card.create","p":[{"components":[{"type":"file","data":{"value":"62de6af80adb4485b6367f058511b9e8","meta":{"filename":"file_example_gif","size":407297,"mimetype":"image/gif"}}},{"type":"file","data":{"value":"83aa09c751a24ccb913d7d5abefbbf31","meta":{"filename":"file_example_doc","size":224768,"mimetype":"application/msword"}}},{"type":"text","data":{"value":"Deleniti mollitia ullam dolores non blanditiis sint ratione commodi delectus. #aut #est #voluptatem #velit #inventore"}},{"type":"picture","data":{"value":"6da84610b5274fe0afa3fb40a20a230a","meta":{"filename":"nathan-dumlao-401855-unsplash","size":5243875,"mimetype":"image/jpeg"}}},{"type":"picture","data":{"value":"cf047e3df1784067b245eddd40afe04a","meta":{"filename":"file_example_png_1mb","size":1006708,"mimetype":"image/png"}}},{"type":"text","data":{"value":"Atque aut ut. #minus #laudantium #aliquid #et #quibusdam"}}],"dueDate":"2018-10-05T03:58:51.197Z","status":"Closed"},{"isFavorited":false,"sharedUserIds":["5aeacf450998c91cdcbe4721","5aeacf460998c91cdcbe4722","5aeacf470998c91cdcbe4723","5aeacf480998c91cdcbe4724","5aeacf490998c91cdcbe4725","5aeacf4a0998c91cdcbe4726","5aead0330998c91cdcbe472d","5aead0340998c91cdcbe472e","5aead0350998c91cdcbe472f","5aead0360998c91cdcbe4730","5aead0370998c91cdcbe4731","5aead0380998c91cdcbe4732","5aead0390998c91cdcbe4733","5aeacf320998c91cdcbe4709","5aead0320998c91cdcbe472b","5aead0320998c91cdcbe472c","5aead0310998c91cdcbe472a","5aeacf320998c91cdcbe470a"]}]}
41|{"id":"3d435140-a154-4982-863f-90dc8fa308f1","m":"v0/card.create","p":[{"components":[{"type":"text","data":{"value":"Case all files 3 type."}},{"type":"file","data":{"value":"83aa09c751a24ccb913d7d5abefbbf31","meta":{"filename":"file_example_doc","size":224768,"mimetype":"application/msword"}}},{"type":"file","data":{"value":"62de6af80adb4485b6367f058511b9e8","meta":{"filename":"file_example_gif","size":407297,"mimetype":"image/gif"}}},{"type":"file","data":{"value":"a3acb3cc0be4494294ff4c60e8b73cf5","meta":{"filename":"file_example_html","size":4130,"mimetype":"text/html"}}}],"dueDate":"2017-11-05T03:58:51.201Z","status":"Closed"},{"isFavorited":false,"sharedUserIds":["5aead0320998c91cdcbe472b","5aead0320998c91cdcbe472c","5aead0310998c91cdcbe472a","5aeacf320998c91cdcbe470a"]}]}
41|{"id":"3d435140-a154-4982-863f-90dc8fa308f1","m":"v0/card.create","p":[{"components":[{"type":"text","data":{"value":"Case 10 files."}},{"type":"file","data":{"value":"83aa09c751a24ccb913d7d5abefbbf31","meta":{"filename":"file_example_doc","size":224768,"mimetype":"application/msword"}}},{"type":"file","data":{"value":"62de6af80adb4485b6367f058511b9e8","meta":{"filename":"file_example_gif","size":407297,"mimetype":"image/gif"}}},{"type":"file","data":{"value":"a3acb3cc0be4494294ff4c60e8b73cf5","meta":{"filename":"file_example_html","size":4130,"mimetype":"text/html"}}},{"type":"file","data":{"value":"62de6af80adb4485b6367f058511b9e8","meta":{"filename":"file_example_gif","size":407297,"mimetype":"image/gif"}}},{"type":"file","data":{"value":"62de6af80adb4485b6367f058511b9e8","meta":{"filename":"file_example_gif","size":407297,"mimetype":"image/gif"}}},{"type":"file","data":{"value":"a3acb3cc0be4494294ff4c60e8b73cf5","meta":{"filename":"file_example_html","size":4130,"mimetype":"text/html"}}},{"type":"file","data":{"value":"a3acb3cc0be4494294ff4c60e8b73cf5","meta":{"filename":"file_example_html","size":4130,"mimetype":"text/html"}}},{"type":"file","data":{"value":"83aa09c751a24ccb913d7d5abefbbf31","meta":{"filename":"file_example_doc","size":224768,"mimetype":"application/msword"}}},{"type":"file","data":{"value":"a3acb3cc0be4494294ff4c60e8b73cf5","meta":{"filename":"file_example_html","size":4130,"mimetype":"text/html"}}},{"type":"file","data":{"value":"a3acb3cc0be4494294ff4c60e8b73cf5","meta":{"filename":"file_example_html","size":4130,"mimetype":"text/html"}}}],"dueDate":"2018-12-05T03:58:51.203Z","status":"Closed"},{"isFavorited":false,"sharedUserIds":["5aeacf490998c91cdcbe4725","5aeacf4a0998c91cdcbe4726","5aead0330998c91cdcbe472d","5aead0340998c91cdcbe472e","5aead0350998c91cdcbe472f","5aead0360998c91cdcbe4730","5aead0370998c91cdcbe4731","5aead0380998c91cdcbe4732","5aead0390998c91cdcbe4733","5aeacf320998c91cdcbe4709","5aead0320998c91cdcbe472b","5aead0320998c91cdcbe472c","5aead0310998c91cdcbe472a","5aeacf320998c91cdcbe470a"]}]}
41|{"id":"3d435140-a154-4982-863f-90dc8fa308f1","m":"v0/card.create","p":[{"components":[{"type":"text","data":{"value":"Case 10 images."}},{"type":"picture","data":{"value":"2bdbce9793d44207a61534f044169df2","meta":{"filename":"brooke-lark-489997-unsplash","size":2653362,"mimetype":"image/jpeg"}}},{"type":"picture","data":{"value":"e77401f64f734c5b92340b390d9cffbe","meta":{"filename":"nathan-dumlao-314124-unsplash","size":9207312,"mimetype":"image/jpeg"}}},{"type":"picture","data":{"value":"3a77438337f34879a3e4c5a5ce4590d2","meta":{"filename":"eberhard-grossgasteiger-765011-unsplash","size":2502086,"mimetype":"image/jpeg"}}},{"type":"picture","data":{"value":"55d3c9c59c1542d1a8233be63e30e46e","meta":{"filename":"minion1","size":418190,"mimetype":"image/png"}}},{"type":"picture","data":{"value":"3a77438337f34879a3e4c5a5ce4590d2","meta":{"filename":"eberhard-grossgasteiger-765011-unsplash","size":2502086,"mimetype":"image/jpeg"}}},{"type":"picture","data":{"value":"55d3c9c59c1542d1a8233be63e30e46e","meta":{"filename":"minion1","size":418190,"mimetype":"image/png"}}},{"type":"picture","data":{"value":"6da84610b5274fe0afa3fb40a20a230a","meta":{"filename":"nathan-dumlao-401855-unsplash","size":5243875,"mimetype":"image/jpeg"}}},{"type":"picture","data":{"value":"45b181a6c52a40089be07e38e47ff044","meta":{"filename":"peter-rosales-764955-unsplash","size":3835516,"mimetype":"image/jpeg"}}},{"type":"picture","data":{"value":"3a77438337f34879a3e4c5a5ce4590d2","meta":{"filename":"eberhard-grossgasteiger-765011-unsplash","size":2502086,"mimetype":"image/jpeg"}}},{"type":"picture","data":{"value":"55d3c9c59c1542d1a8233be63e30e46e","meta":{"filename":"minion1","size":418190,"mimetype":"image/png"}}}],"status":"Closed"},{"isFavorited":false,"sharedUserIds":["5aeacf3a0998c91cdcbe4714","5aeacf3b0998c91cdcbe4715","5aeacf3c0998c91cdcbe4716","5aeacf3d0998c91cdcbe4717","5aeacf3d0998c91cdcbe4718","5aeacf3e0998c91cdcbe4719","5aeacf3f0998c91cdcbe471a","5aeacf400998c91cdcbe471b","5aeacf410998c91cdcbe471c","5aeacf420998c91cdcbe471d","5aeacf430998c91cdcbe471e","5aeacf440998c91cdcbe471f","5aeacf440998c91cdcbe4720","5aeacf450998c91cdcbe4721","5aeacf460998c91cdcbe4722","5aeacf470998c91cdcbe4723","5aeacf480998c91cdcbe4724","5aeacf490998c91cdcbe4725","5aeacf4a0998c91cdcbe4726","5aead0330998c91cdcbe472d","5aead0340998c91cdcbe472e","5aead0350998c91cdcbe472f","5aead0360998c91cdcbe4730","5aead0370998c91cdcbe4731","5aead0380998c91cdcbe4732","5aead0390998c91cdcbe4733","5aeacf320998c91cdcbe4709","5aead0320998c91cdcbe472b","5aead0320998c91cdcbe472c","5aead0310998c91cdcbe472a","5aeacf320998c91cdcbe470a"]}]}
