Username,Password,Firstname,Lastname,Email,Title,Mobile Phone
mockdata001,password,Faydra,Leghorn,fleghorn0@cornell.edu,,
mockdata002,password,Geneva,Boij,gboij1@quantcast.com,,
mockdata003,password,Eberto,Wroe,ewroe2@nydailynews.com,,
mockdata004,password,Amalee,Swalteridge,aswalteridge3@livejournal.com,,
mockdata005,password,Merry,Eyers,meyers4@hibu.com,,
mockdata006,password,Hali,Girth,hgirth5@arstechnica.com,,
mockdata007,password,Min,Grieves,mgrieves6@examiner.com,,
mockdata008,password,Francisca,Jenson,fjenson7@columbia.edu,,
mockdata009,password,Fidelia,Vesty,fvesty8@house.gov,,
mockdata010,password,Langsdon,Barabisch,lbarabisch9@theatlantic.com,,
mockdata011,password,Carlie,Boycott,cboycotta@china.com.cn,,
mockdata012,password,Elnora,Ventum,eventumb@japanpost.jp,,
mockdata013,password,Nadiya,Siman,nsimanc@blogger.com,,
mockdata014,password,Eric,Vannini,evanninid@alexa.com,,
mockdata015,password,Dee dee,Casewell,dcasewelle@ca.gov,,
mockdata016,password,Amii,Tripett,atripettf@fda.gov,,
mockdata017,password,Virginie,Woolford,vwoolfordg@wisc.edu,,
mockdata018,password,Obadiah,Handes,ohandesh@yelp.com,,
mockdata019,password,Brodie,Jest,bjesti@mtv.com,,
mockdata020,password,Penni,Gambrell,pgambrellj@china.com.cn,,
mockdata021,password,Rudie,Grundell,rgrundellk@csmonitor.com,,
mockdata022,password,Griffie,Bosma,gbosmal@hugedomains.com,,
mockdata023,password,Standford,Lauritzen,slauritzenm@facebook.com,,
mockdata024,password,Valina,Gommery,vgommeryn@php.net,,
mockdata025,password,Bruis,Ornelas,bornelaso@lycos.com,,
mockdata026,password,Kala,Kohneke,kkohnekep@behance.net,,
mockdata027,password,Fons,Kember,fkemberq@comsenz.com,,
mockdata028,password,Almire,Rodolico,arodolicor@cdbaby.com,,
mockdata029,password,Kippie,Churchley,kchurchleys@boston.com,,
mockdata030,password,Loralyn,Tettley,ltettleyt@bloglovin.com,,
mockdata031,password,Leroy,Forestall,lforestallu@photobucket.com,,
mockdata032,password,Nydia,Thorndale,nthorndalev@twitter.com,,
mockdata033,password,Selma,Pickervance,spickervancew@foxnews.com,,
mockdata034,password,Jerrie,Buxsey,jbuxseyx@tinyurl.com,,
mockdata035,password,Celie,Perch,cperchy@spotify.com,,
mockdata036,password,Wolf,Heel,wheelz@google.es,,
mockdata037,password,Mylo,Mc Comb,mmccomb10@domainmarket.com,,
mockdata038,password,Yul,Swanwick,yswanwick11@forbes.com,,
mockdata039,password,Loreen,Jaynes,ljaynes12@example.com,,
mockdata040,password,Welby,Gozzard,wgozzard13@mail.ru,,
mockdata041,password,Rosa,Charlin,rcharlin14@cnet.com,,
mockdata042,password,Emmi,Hadlington,ehadlington15@time.com,,
mockdata043,password,Munroe,Gilleson,mgilleson16@msu.edu,,
mockdata044,password,Ludvig,Eggle,leggle17@google.es,,
mockdata045,password,Kelcy,Vecard,kvecard18@people.com.cn,,
mockdata046,password,Othilia,Bromet,obromet19@photobucket.com,,
mockdata047,password,Skip,Burnyate,sburnyate1a@engadget.com,,
mockdata048,password,Kellen,Broxup,kbroxup1b@hibu.com,,
mockdata049,password,Reina,Szabo,rszabo1c@yahoo.co.jp,,
mockdata050,password,Theresa,Callendar,tcallendar1d@xrea.com,,