_id,email,firstname,lastname,username
"5aead0310998c91cdcbe472a","rattiya+woo01@ekoapp.com","rattiya+woo01","lastname","rattiya+woo01"
"5aead0320998c91cdcbe472b","rattiya+woo02@ekoapp.com","rattiya+woo02","lastname","rattiya+woo02"
"5aead0320998c91cdcbe472c","rattiya+woo03@ekoapp.com","rattiya+woo03","lastname","rattiya+woo03"
"5aead0330998c91cdcbe472d","rattiya+woo04@ekoapp.com","rattiya+woo04","lastname","rattiya+woo04"
"5aead0340998c91cdcbe472e","rattiya+woo05@ekoapp.com","rattiya+woo05","lastname","rattiya+woo05"
"5aead0350998c91cdcbe472f","rattiya+woo06@ekoapp.com","rattiya+woo06","lastname","rattiya+woo06"
"5aead0360998c91cdcbe4730","rattiya+woo07@ekoapp.com","rattiya+woo07","lastname","rattiya+woo07"
"5aead0370998c91cdcbe4731","rattiya+woo08@ekoapp.com","rattiya+woo08","lastname","rattiya+woo08"
"5aead0380998c91cdcbe4732","rattiya+woo09@ekoapp.com","rattiya+woo09","lastname","rattiya+woo09"
"5aead0390998c91cdcbe4733","rattiya+woo10@ekoapp.com","rattiya+woo10","lastname","rattiya+woo10"
"5aeacf320998c91cdcbe4709","rattiya+wpp01@ekoapp.com","rattiya+wpp01","lastname","rattiya+wpp01"
"5aeacf320998c91cdcbe470a","rattiya+wpp02@ekoapp.com","rattiya+wpp02","lastname","rattiya+wpp02"
"5aeacf330998c91cdcbe470b","rattiya+wpp03@ekoapp.com","rattiya+wpp03","lastname","rattiya+wpp03"
"5aeacf340998c91cdcbe470c","rattiya+wpp04@ekoapp.com","rattiya+wpp04","lastname","rattiya+wpp04"
"5aeacf340998c91cdcbe470d","rattiya+wpp05@ekoapp.com","rattiya+wpp05","lastname","rattiya+wpp05"
"5aeacf350998c91cdcbe470e","rattiya+wpp06@ekoapp.com","rattiya+wpp06","lastname","rattiya+wpp06"
"5aeacf360998c91cdcbe470f","rattiya+wpp07@ekoapp.com","rattiya+wpp07","lastname","rattiya+wpp07"
"5aeacf370998c91cdcbe4710","rattiya+wpp08@ekoapp.com","rattiya+wpp08","lastname","rattiya+wpp08"
"5aeacf380998c91cdcbe4711","rattiya+wpp09@ekoapp.com","rattiya+wpp09","lastname","rattiya+wpp09"
"5aeacf390998c91cdcbe4712","rattiya+wpp10@ekoapp.com","rattiya+wpp10","lastname","rattiya+wpp10"
"5aeacf3a0998c91cdcbe4713","rattiya+wpp11@ekoapp.com","rattiya+wpp11","lastname","rattiya+wpp11"
"5aeacf3a0998c91cdcbe4714","rattiya+wpp12@ekoapp.com","rattiya+wpp12","lastname","rattiya+wpp12"
"5aeacf3b0998c91cdcbe4715","rattiya+wpp13@ekoapp.com","rattiya+wpp13","lastname","rattiya+wpp13"
"5aeacf3c0998c91cdcbe4716","rattiya+wpp14@ekoapp.com","rattiya+wpp14","lastname","rattiya+wpp14"
"5aeacf3d0998c91cdcbe4717","rattiya+wpp15@ekoapp.com","rattiya+wpp15","lastname","rattiya+wpp15"
"5aeacf3d0998c91cdcbe4718","rattiya+wpp16@ekoapp.com","rattiya+wpp16","lastname","rattiya+wpp16"
"5aeacf3e0998c91cdcbe4719","rattiya+wpp17@ekoapp.com","rattiya+wpp17","lastname","rattiya+wpp17"
"5aeacf3f0998c91cdcbe471a","rattiya+wpp18@ekoapp.com","rattiya+wpp18","lastname","rattiya+wpp18"
"5aeacf400998c91cdcbe471b","rattiya+wpp19@ekoapp.com","rattiya+wpp19","lastname","rattiya+wpp19"
"5aeacf410998c91cdcbe471c","rattiya+wpp20@ekoapp.com","rattiya+wpp20","lastname","rattiya+wpp20"
"5aeacf420998c91cdcbe471d","rattiya+wpp21@ekoapp.com","rattiya+wpp21","lastname","rattiya+wpp21"
"5aeacf430998c91cdcbe471e","rattiya+wpp22@ekoapp.com","rattiya+wpp22","lastname","rattiya+wpp22"
"5aeacf440998c91cdcbe471f","rattiya+wpp23@ekoapp.com","rattiya+wpp23","lastname","rattiya+wpp23"
"5aeacf440998c91cdcbe4720","rattiya+wpp24@ekoapp.com","rattiya+wpp24","lastname","rattiya+wpp24"
"5aeacf450998c91cdcbe4721","rattiya+wpp25@ekoapp.com","rattiya+wpp25","lastname","rattiya+wpp25"
"5aeacf460998c91cdcbe4722","rattiya+wpp26@ekoapp.com","rattiya+wpp26","lastname","rattiya+wpp26"
"5aeacf470998c91cdcbe4723","rattiya+wpp27@ekoapp.com","rattiya+wpp27","lastname","rattiya+wpp27"
"5aeacf480998c91cdcbe4724","rattiya+wpp28@ekoapp.com","rattiya+wpp28","lastname","rattiya+wpp28"
"5aeacf490998c91cdcbe4725","rattiya+wpp29@ekoapp.com","rattiya+wpp29","lastname","rattiya+wpp29"
"5aeacf4a0998c91cdcbe4726","rattiya+wpp30@ekoapp.com","rattiya+wpp30","lastname","rattiya+wpp30"